well,CHIR99021_uM,BMP4_uM,SAG_uM,log_harvest_day,is_qc_duplicate,predicted_ct_0,predicted_ct_1,predicted_ct_2,predicted_ct_3,predicted_ct_4,acquisition_value,is_replicate
A1,0.08773704072079225,5.064469201711411e-05,0.040174697002820364,3.08633075680079,0.0,0.17245345228856288,0.17989801926703014,0.1958550295375198,0.27550557111217944,0.17628792779470773,-14.035274314238185,False
A2,0.2580252014953391,0.002342542525048776,0.6878078328438272,3.7500655245864243,0.0,0.2968956319032171,0.1632563142231762,0.10833813123385654,0.330441958531202,0.10106796410854804,-14.035274314238185,False
A3,1.0200015917399219,0.0037511598807067037,0.5629912163569996,0.9258516352059735,0.0,0.32515748349209583,0.260365442338223,0.13049123610152955,0.18298044265071345,0.10100539541743817,-14.035274314238185,False
A4,1.3243419456198984,0.0014956987343825066,0.7005916032347638,0.48726039681023103,0.0,0.212573296891053,0.22697798810060213,0.22401503465239955,0.14733223816840024,0.18910144218754507,-14.035274314238185,False
A5,2.4223204654921875,0.0035843651996939,0.3180034749718639,0.4952336603745454,,,,,,,,True
A6,2.7890929570277194,0.0032324815182576,0.6334037565104235,3.92157265584473,,,,,,,,True
