well,CHIR99021_uM,BMP4_uM,SAG_uM,log_harvest_day,is_qc_duplicate,predicted_ct_0,predicted_ct_1,predicted_ct_2,predicted_ct_3,predicted_ct_4,acquisition_value,is_replicate
A1,2.4903258865809494,0.0028506444203523214,0.39633752340139755,3.69767755863643,0.0,0.24986096163688717,0.10852855162910353,0.09533643668759105,0.2661754453315702,0.2800986047148481,-14.035274314238091,False
A2,2.7261916875540257,0.0013126542686603378,0.5289422768004519,3.807874779392862,0.0,0.2078508225113562,0.09285971461383992,0.14271732868951031,0.2650052842655476,0.29156684991974596,-14.035274314238091,False
A3,0.24479645113955018,0.0006698889483361231,0.18546064716969402,1.7416068984350197,0.0,0.189864518530226,0.2410185924449557,0.21885646051235746,0.21898287014736892,0.13127755836509192,-14.035274314238091,False
A4,1.4367233318796941,0.001918734523773774,0.8503478210106693,1.7561331750088225,0.0,0.18007005117219926,0.12642569872075288,0.12198884245218043,0.13600317573524973,0.4355122319196176,-14.035274314238091,False
A5,2.4223204654921875,0.0035843651996939,0.3180034749718639,0.4952336603745454,,,,,,,,True
A6,2.7890929570277194,0.0032324815182576,0.6334037565104235,3.92157265584473,,,,,,,,True
