well,CHIR99021_uM,BMP4_uM,SAG_uM,log_harvest_day,is_qc_duplicate,predicted_ct_0,predicted_ct_1,predicted_ct_2,predicted_ct_3,predicted_ct_4,acquisition_value,is_replicate
A1,2.0124043484876637,0.0011449687080565438,0.7620383542679556,1.391163956450521,0.0,0.22197156425250417,0.17475423810548704,0.23383794074385142,0.17647627653746567,0.19295998036069179,-14.035274314237894,False
A2,0.8214614319900501,0.0022071929203485944,0.3559141185196299,2.456661225162507,0.0,0.26470848028147587,0.2033878682937309,0.13835733092377836,0.2542670803081758,0.13927924019283913,-14.035274314237894,False
A3,2.9459700340219124,0.0032152774789658578,0.24459001427480576,2.2628287746038884,0.0,0.29018214397635317,0.156944488906333,0.13003283957204093,0.2305753126571293,0.1922652148881436,-14.035274314237894,False
A4,2.005142608210011,0.0014334261041348648,0.4371183981600732,3.035715159211289,0.0,0.2238905807579376,0.13234963652847379,0.1579340536774313,0.25395587093241107,0.2318698581037462,-14.035274314237894,False
A5,2.4223204654921875,0.0035843651996939,0.3180034749718639,0.4952336603745454,,,,,,,,True
A6,2.7890929570277194,0.0032324815182576,0.6334037565104235,3.92157265584473,,,,,,,,True
