well,CHIR99021_uM,BMP4_uM,SAG_uM,log_harvest_day,is_qc_duplicate,predicted_ct_0,predicted_ct_1,predicted_ct_2,predicted_ct_3,predicted_ct_4,acquisition_value,is_replicate
A1,1.037388772318853,0.0034496321732733156,0.5933155288765309,0.37062433629723013,0.0,0.2990263905788261,0.27511562660233446,0.14792032360509838,0.16007503423956299,0.11786262497417808,-14.035274314238091,False
A2,0.11957273833891148,0.0006362023466461128,0.0032720200674994323,2.8676676170995057,0.0,0.1941041549637965,0.20375176258120006,0.1834376830982306,0.2800745210705491,0.13863187828622375,-14.035274314238091,False
A3,1.3532473823635662,0.003066868925192531,0.8653430936176608,1.7235565739379526,0.0,0.29997760649844074,0.18975624653461903,0.13237593045562646,0.19371978553034774,0.18417043098096603,-14.035274314238091,False
A4,0.950942854607036,0.0030919219312466415,0.9618470310146128,3.7796988898796187,0.0,0.33035618720156706,0.1434233491329254,0.09868261400331171,0.31561602028562474,0.11192182937657107,-14.035274314238091,False
A5,2.4223204654921875,0.0035843651996939,0.3180034749718639,0.4952336603745454,,,,,,,,True
A6,2.7890929570277194,0.0032324815182576,0.6334037565104235,3.92157265584473,,,,,,,,True
