well,CHIR99021_uM,BMP4_uM,SAG_uM,log_harvest_day,is_qc_duplicate,predicted_ct_0,predicted_ct_1,predicted_ct_2,predicted_ct_3,predicted_ct_4,acquisition_value,is_replicate
A1,1.6778298895901096,0.0026246541986171663,0.5031585964273757,1.4374543343164274,0.0,0.2889143707884204,0.220143102807211,0.16439043045031043,0.20318122230242228,0.12337087365163583,-14.035274314237963,False
A2,1.4136758483846221,0.0011184444858931496,0.16252428998917923,1.19097568193278,0.0,0.17300173194840907,0.19934538711657068,0.1999599038349475,0.16540672515881502,0.2622862519412577,-14.035274314237963,False
A3,2.5303965885163224,0.001860462375280401,0.9457488632893697,3.887125530903738,0.0,0.28295617665382244,0.10791622007155532,0.14733745073227714,0.30831739542412945,0.15347275711821567,-14.035274314237963,False
A4,2.833954351400406,0.001414224162527762,0.3352752119353861,4.2016461754536705,0.0,0.21440145353235893,0.09349597633604505,0.1376873595346499,0.30211167572693837,0.25230353487000784,-14.035274314237963,False
A5,2.4223204654921875,0.0035843651996939,0.3180034749718639,0.4952336603745454,,,,,,,,True
A6,2.7890929570277194,0.0032324815182576,0.6334037565104235,3.92157265584473,,,,,,,,True
