well,CHIR99021_uM,BMP4_uM,SAG_uM,log_harvest_day,fidelity,predicted_y0_mean,predicted_y0_std,predicted_y1_mean,predicted_y1_std,predicted_y2_mean,predicted_y2_std,predicted_y3_mean,predicted_y3_std,acquisition_value
A1,0.788612280457548,0.0001475477894181,0.2376375439923996,3.7962367004959234,1.0,-0.5151250797177591,1.3076732344044102,-0.23407662586096814,1.4880376919749407,-0.46250567701343603,1.3896161702581211,0.2705814637617737,0.9613128887741623,-0.7067760176614284
A2,1.9861985596783198,0.0030315286765224894,0.23765059698697244,1.5905599646733677,1.0,-0.05363142413981173,1.354018285157999,-0.2355869827664559,1.487990989765834,1.287437305294737,1.1763523372101468,0.8716750979324535,0.862896983030058,-0.7067760176614284
A3,1.2180305994727787,0.0001475477894181,0.2376375439923996,0.7150031920317024,1.0,3.4079858567297636,0.4634436837211103,1.250052730722228,0.855914414940692,-0.4868990615783523,1.2928083249909972,-0.016386428641126313,1.1067681679333956,-0.7067760176614284
A4,1.2378687068515246,0.0006259433734376099,0.40091438052834905,0.69876126190592,1.0,2.9143590576199196,0.34647065875821903,1.3655318362168516,0.9015248830130056,-0.02080591308581746,1.4102185773291582,0.18863294195303174,1.0505800651393156,-0.7067760176614284
A5,2.0090423831808146,0.0030381540582758177,0.2376375439923996,2.117554364143321,1.0,0.2325171777733699,1.2522205901232142,-0.2788859336057494,1.4837689259020725,1.7405988601285989,0.9188475044942293,1.1601523028734768,0.6492943589876663,-0.7067760176614284
A6,0.0208563915935721,0.0001475477894181,0.2376375439923996,1.497613314194405,1.0,0.4082137601450599,1.2423089657262503,-0.2508123957434409,1.4881352932261482,-0.32462811711606354,1.3668457798858478,-0.2476698107509101,1.1711042316719398,-0.7067760176614284
