well,CHIR99021_uM,BMP4_uM,SAG_uM,log_harvest_day,is_qc_duplicate,predicted_ct_0,predicted_ct_1,predicted_ct_2,predicted_ct_3,predicted_ct_4,acquisition_value,is_replicate
A1,0.11197067459304084,0.00047568059285065407,0.16385470768774166,3.5059984958302612,0.0,0.1975883572934857,0.16995382972146214,0.17047385941522394,0.30827358801981336,0.15371036555001472,-14.035274314238134,False
A2,2.642993542515114,0.0036200859922488086,0.37439119376654695,3.8076528897254485,0.0,0.34112654975752793,0.13661408363625202,0.10208700648339258,0.34152941163432377,0.07864294848850376,-14.035274314238134,False
A3,0.49978682275011593,0.003186243175502941,0.9292802229541177,0.6446311153841409,0.0,0.29230043372813264,0.25330362720685984,0.14588960608313672,0.16038230078941754,0.1481240321924532,-14.035274314238134,False
A4,2.635326958606024,0.0036616510316085857,0.9380266852109054,4.4511802967698095,0.0,0.3467058376034557,0.11147642487649682,0.0976153984457627,0.3507474363312303,0.09345490274305451,-14.035274314238134,False
A5,2.4223204654921875,0.0035843651996939,0.3180034749718639,0.4952336603745454,,,,,,,,True
A6,2.7890929570277194,0.0032324815182576,0.6334037565104235,3.92157265584473,,,,,,,,True
