well,CHIR99021_uM,BMP4_uM,SAG_uM,log_harvest_day,is_qc_duplicate,predicted_ct_0,predicted_ct_1,predicted_ct_2,predicted_ct_3,predicted_ct_4,acquisition_value,is_replicate
A1,0.028973775787014378,0.002220583555000699,0.45842882868958934,0.1182765342874105,0.0,0.2238307369996287,0.31429873678629683,0.17854123984737377,0.15208239538185514,0.13124689098484554,-14.035274314238167,False
A2,1.7344764534204655,0.0009888734936015235,0.9005247592128565,3.0398769492021986,0.0,0.1915114928484414,0.10309636622950386,0.14784097793924084,0.20323216467987612,0.35431899830293784,-14.035274314238167,False
A3,0.567645593232193,0.0013961674395884232,0.3901218387214297,3.2685350858327693,0.0,0.20051647278760812,0.1426647802208559,0.12251748066473683,0.24933196866529672,0.28496929766150236,-14.035274314238167,False
A4,1.9131400054005026,0.0018021312884477958,0.20555267577845307,1.824792241461687,0.0,0.2341402281787571,0.19365027454773068,0.18240139863887625,0.21605908905607385,0.17374900957856218,-14.035274314238167,False
A5,2.4223204654921875,0.0035843651996939,0.3180034749718639,0.4952336603745454,,,,,,,,True
A6,2.7890929570277194,0.0032324815182576,0.6334037565104235,3.92157265584473,,,,,,,,True
