well,CHIR99021_uM,BMP4_uM,SAG_uM,log_harvest_day,is_qc_duplicate,predicted_ct_0,predicted_ct_1,predicted_ct_2,predicted_ct_3,predicted_ct_4,acquisition_value,is_replicate
A1,2.422013812487458,0.0026725195078609455,0.15708228174416292,2.8422897844966966,0.0,0.2537850014439618,0.14371635624112497,0.12024787213186225,0.2492672305433288,0.2329835396397221,-14.035274314237963,False
A2,0.0880875506918779,0.00021079615016416235,0.3402841501818117,0.15336945977050437,0.0,0.15807693890718894,0.2954085198704781,0.29247036695130046,0.15373541949446431,0.10030875477656807,-14.035274314237963,False
A3,2.513731983524451,0.002622743687583414,0.46099456415293827,0.8380912894803568,0.0,0.2593978668486018,0.1997820798121771,0.1784289314426295,0.1635536463390563,0.19883747555753536,-14.035274314237963,False
A4,2.241930610872069,0.0006281914481373721,0.3207832766797691,2.3500639014465508,0.0,0.17268776019076396,0.13125456065384333,0.2017899712806208,0.19928465369469592,0.29498305418007603,-14.035274314237963,False
A5,2.4223204654921875,0.0035843651996939,0.3180034749718639,0.4952336603745454,,,,,,,,True
A6,2.7890929570277194,0.0032324815182576,0.6334037565104235,3.92157265584473,,,,,,,,True
